﻿<?xml version="1.0" encoding="utf-8"?>
<ConvertSettings xmlns:xsi="http://www.w3.org/2001/XMLSchema-instance" xmlns:xsd="http://www.w3.org/2001/XMLSchema">
	<Settings>
		<ConvertExtension>
			<Extension>xls</Extension>
			<TargetIsPDF>false</TargetIsPDF>
			<Action>Convert</Action>
			<ValidFrom>2000-01-01</ValidFrom>
		</ConvertExtension>
		<ConvertExtension>
			<Extension>doc</Extension>
			<TargetIsPDF>true</TargetIsPDF>
			<Action>Convert</Action>
			<ValidFrom>2000-01-01</ValidFrom>
		</ConvertExtension>
		<ConvertExtension>
			<Extension>dot</Extension>
			<TargetIsPDF>true</TargetIsPDF>
			<Action>Convert</Action>
			<ValidFrom>2000-01-01</ValidFrom>
		</ConvertExtension>
		<ConvertExtension>
			<Extension>doc</Extension>
			<TargetIsPDF>false</TargetIsPDF>
			<Action>Convert</Action>
			<ValidFrom>2010-01-01</ValidFrom>
		</ConvertExtension>
		<ConvertExtension>
			<Extension>dot</Extension>
			<TargetIsPDF>false</TargetIsPDF>
			<Action>Convert</Action>
			<ValidFrom>2010-01-01</ValidFrom>
		</ConvertExtension>
		<ConvertExtension>
			<Extension>ppt</Extension>
			<TargetIsPDF>false</TargetIsPDF>
			<Action>Convert</Action>
			<ValidFrom>2010-01-01</ValidFrom>
		</ConvertExtension>
		<ConvertExtension>
			<Extension>mdb</Extension>
			<TargetIsPDF>false</TargetIsPDF>
			<Action>Convert</Action>
			<ValidFrom>2010-01-01</ValidFrom>
		</ConvertExtension>
		<ConvertExtension>
			<Extension>vsd</Extension>
			<TargetIsPDF>false</TargetIsPDF>
			<Action>Convert</Action>
			<ValidFrom>2010-01-01</ValidFrom>
		</ConvertExtension>
	</Settings>
</ConvertSettings>